{"cameraMode":{"drawMode":0,"name":"Shaded","section":"Shading Mode"},"sceneLighting":true,"audioPlay":false,"sceneViewState":{"showFog":true,"showMaterialUpdate":true,"showSkybox":true,"showFlares":true,"showImageEffects":true,"showParticleSystems":true},"in2DMode":false,"pivot":{"x":-0.09227561205625534,"y":-3.480545997619629,"z":-0.189677894115448},"rotation":{"x":0.7367821931838989,"y":-0.0010126804700121284,"z":0.001113320467993617,"w":0.676112949848175},"size":2.4999966621398927,"orthographic":false}