{"cameraMode":{"drawMode":0,"name":"Shaded","section":"Shading Mode"},"sceneLighting":true,"audioPlay":false,"sceneViewState":{"showFog":true,"showMaterialUpdate":true,"showSkybox":true,"showFlares":true,"showImageEffects":true,"showParticleSystems":true},"in2DMode":false,"pivot":{"x":0.7339524030685425,"y":-0.0014564767479896546,"z":0.007488131523132324},"rotation":{"x":0.2609948515892029,"y":0.04197242856025696,"z":-0.011353334411978722,"w":0.9643501043319702},"size":3.9699573516845705,"orthographic":false}