{"cameraMode":{"drawMode":0,"name":"Shaded","section":"Shading Mode"},"sceneLighting":true,"audioPlay":false,"sceneViewState":{"showFog":true,"showMaterialUpdate":true,"showSkybox":true,"showFlares":true,"showImageEffects":true,"showParticleSystems":true},"in2DMode":false,"pivot":{"x":0.9295244216918945,"y":0.0,"z":-0.36858969926834109},"rotation":{"x":-0.03229088336229324,"y":0.6632543206214905,"z":0.02865935117006302,"w":0.7471335530281067},"size":0.6965049505233765,"orthographic":false}