{"cameraMode":{"drawMode":0,"name":"Shaded","section":"Shading Mode"},"sceneLighting":true,"audioPlay":false,"sceneViewState":{"showFog":true,"showMaterialUpdate":true,"showSkybox":true,"showFlares":true,"showImageEffects":true,"showParticleSystems":true},"in2DMode":false,"pivot":{"x":13.713037490844727,"y":3496.732177734375,"z":192.39547729492188},"rotation":{"x":-0.04598608985543251,"y":-0.5146807432174683,"z":-0.027659332379698755,"w":0.8556973934173584},"size":1.9468257427215577,"orthographic":false}