{"cameraMode":{"drawMode":0,"name":"Shaded","section":"Shading Mode"},"sceneLighting":true,"audioPlay":false,"sceneViewState":{"showFog":true,"showMaterialUpdate":true,"showSkybox":true,"showFlares":true,"showImageEffects":true,"showParticleSystems":true},"in2DMode":false,"pivot":{"x":2.7624456882476808,"y":-98.1308364868164,"z":-27.20978355407715},"rotation":{"x":-0.028852185234427453,"y":-0.7952888011932373,"z":0.6043453812599182,"w":-0.03797050938010216},"size":51.2915153503418,"orthographic":false}